old	new
AD_LOGO_BLANC.png	baobab.png
AD_LOGO_GRIS.png	amaretto.png
AD_LOGO_GRIS_CLAIR.png	selene.png
AD_LOGO_NOIR.png	amara.png
Abstrait-1.png	saffron.png
Abstrait-10.jpg	jasmine.jpg
Abstrait-11.jpg	gazelle.jpg
Abstrait-12.png	sahel.png
Abstrait-13.jpg	terracotta.jpg
Abstrait-14.jpg	helios.jpg
Abstrait-2.png	naya.png
Abstrait-3.jpg	cumin.jpg
Abstrait-4.png	lotus.png
Abstrait-5.png	oryx.png
Abstrait-6.png	zambezi.png
Abstrait-7.png	fiorella.png
Abstrait-8.jpg	apollo.jpg
Abstrait-9.jpg	sienna.jpg
Abstrait15.jpg	paprika.jpg
Abstrait16.jpg	hibiscus.jpg
Abstrait17.jpg	ibis.jpg
Abstrait18.jpg	kalahari.jpg
Abstrait19.jpg	bellini.jpg
Abstrait20.jpg	athena.jpg
Abstrait21.jpg	leila.jpg
Abstrait22.jpg	cardamom.jpg
Abstrait23.jpg	magnolia.jpg
Abstrait24.jpg	falcon.jpg
Abstrait25.jpg	serengeti.jpg
Abstrait26.jpg	dolce.jpg
Abstrait27.jpg	artemis.jpg
Abstrait28.jpg	noor.jpg
Abstrait29.jpg	vanilla.jpg
Abstrait30.jpg	camelia.jpg
Abstrait31.jpg	leopard.jpg
Abstraittestmockup-1.png	timbuktu.png
Abstraittestmockup-2.png	sole.png
Abstraittestplain-1.png	eos.png
Abstraittestplain-2.png	dalia.png
Alex Maurel Oeuvre sans mockup.jpg	cocoa-1.jpg
Alex Maurel-1.jpg	cocoa-2.jpg
Alex Maurel-2.jpg	cocoa-3.jpg
Alex Maurel.JPG	dahlia.JPG
Artsy-1.png	cheetah.png
Artsy-2.png	zanzibar.png
Artsyplain-1.png	aria.png
Artsyplain-2.png	nyx.png
Artsyplain-3.png	soraya.png
Boho-1.png	honey-1.png
Boho-2.png	honey-2.png
Boho-3.png	honey-3.png
Geometrie-1.jpg	peony.jpg
Geometrie-2.jpg	jaguar.jpg
Geometrie10.png	kilimanjaro.png
Geometrie11.png	vesuvio.png
Geometrie12.png	gaia.png
Geometrie13.png	yara.png
Geometrie14.png	mango.png
Geometrie15.png	lily.png
Geometrie16.png	panther.png
Geometrie17.png	sankofa.png
Geometrie18.png	capri.png
Geometrie19.png	rhea.png
Geometrie20.png	mira.png
Geometrie21.png	papaya.png
Geometrie22.png	jacaranda.png
Geometrie23.png	lynx.png
Geometrie24.png	ubuntu.png
Geometrie25.png	siena.png
Geometrie26.png	calypso.png
Geometrie27.png	aziz.png
Geometrie28.png	guava.png
Geometrie29.png	frangipani.png
Geometrie3.jpg	heron.jpg
Geometrie30.png	amani.png
Geometrie31.png	verona.png
Geometrie32.png	iris.png
Geometrie33.png	rami.png
Geometrie34.png	date.png
Geometrie35.png	orchid.png
Geometrie4.jpg	crane.jpg
Geometrie5.jpg	zuri.jpg
Geometrie6.jpg	murano.jpg
Geometrie7.png	orion.png
Geometrie8.png	omar.png
Geometrie9.png	almond.png
Itssenaxia Mockups-1.png	marigold.png
Itssenaxia Mockups-10.jpg	swan.jpg
Itssenaxia Mockups-2.jpg	kaya.jpg
Itssenaxia Mockups-3.jpg	chianti.jpg
Itssenaxia Mockups-4.jpg	phoenix.jpg
Itssenaxia Mockups-5.jpg	tariq.jpg
Itssenaxia Mockups-6.jpg	pistachio.jpg
Itssenaxia Mockups-7.jpg	lavender.jpg
Itssenaxia Mockups-8.jpg	dove.jpg
Itssenaxia Mockups-9.jpg	imani.jpg
Itssenaxia Plain-11.jpg	ravello.jpg
Itssenaxia Plain-12.jpg	pegasus.jpg
Itssenaxia Plain-13.jpg	hana.jpg
Itssenaxia Plain-14.jpg	caramel.jpg
Itssenaxia Plain-15.jpg	freesia.jpg
Itssenaxia Plain-16.jpg	lark.jpg
Itssenaxia Plain-17.png	jabari.png
Itssenaxia Plain-18.png	amalfi.png
Itssenaxia Plain-19.png	chimera.png
Itssenaxia Plain-20.png	lina.png
Kid-1.png	cinnamon.png
Kid-10.png	azalea.png
Kid-11.png	raven.png
Kid-12.png	ayo.png
Kid-13.png	portofino.png
Kid-14.png	pandora.png
Kid-15.png	rania.png
Kid-16.png	ginger.png
Kid-17.png	mimosa.png
Kid-2.png	kestrel.png
Kid-3.png	kofi.png
Kid-4.png	toscana.png
Kid-5.png	persephone.png
Kid-6.png	salma.png
Kid-7.png	clove.png
Kid-8.png	oleander.png
Kid-9.png	osprey.png
Kids-18.jpg	nala.jpg
Kids-19.jpg	fresco.jpg
Kids-20.jpg	aurora.jpg
Kids-21.png	farah.png
Kids-22.png	nutmeg.png
Kids-23.png	protea.png
Kids-24.jpg	antelope.jpg
Kids-25.jpg	simba.jpg
Kids-26.jpg	bella.jpg
Kids-27.jpg	freya.jpg
Kids-28.png	nadia.png
Kids-29.png	anise.png
Kids-30.jpg	poppy.jpg
Kids-31.png	springbok.png
Kids-32.png	asha.png
Kids-33.jpg	stella.jpg
Matisse 1 design.png	idun-1.png
Matisse 1 mockup.png	idun-2.png
Matisse 2 design.png	samira-1.png
Matisse 2 mockup.png	samira-2.png
Matisse 3 design.png	sage-1.png
Matisse 3 mockup.png	sage-2.png
Matisse 4 design.png	violet-1.png
Matisse 4 mockup.png	violet-2.png
Matisse 5 design.png	kudu-1.png
Matisse 5 mockup.png	kudu-2.png
Matisse10.png	zola.png
Matisse11.png	luce.png
Matisse12.png	bragi.png
Matisse13.png	yasmin.png
Matisse14.png	mint.png
Matisse15.png	primrose.png
Matisse16.png	impala.png
Matisse17.png	thandi.png
Matisse18.png	sera.png
Matisse19.png	isis.png
Matisse6.png	amira.png
Matisse7.png	peach.png
Matisse8.png	gardenia.png
Matisse9.png	zebra.png
NTDVE-1.jpg	sade.jpg
NTDVE-10.jpg	alba.jpg
NTDVE-2.jpg	osiris.jpg
NTDVE-3.jpg	karim.jpg
NTDVE-4.jpg	apricot.jpg
NTDVE-5.jpg	lilac.jpg
NTDVE-6.jpg	giraffe.jpg
NTDVE-7.jpg	oba.jpg
NTDVE-8.jpg	fiore.jpg
NTDVE-9.jpg	horus.jpg
Nature-1.png	jamal.png
Nature-10.png	cherry.png
Nature-2.png	zinnia.png
Nature-3.png	okapi.png
Nature-4.png	ife.png
Nature-5.png	perla.png
Nature-6.png	anubis.png
Nature-7.png	zaid.png
Nature-8.png	melon.png
Nature-9.png	aster.png
Photos-1.jpg	lemur.jpg
Photos-2.jpg	oya.jpg
Photos-3.jpg	rosso.jpg
Photos-4.jpg	bastet.jpg
Photos-5.jpg	nour.jpg
Photos-6.jpg	citron.jpg
Photos-7.jpg	tulip.jpg
Photos-8.jpg	fennec.jpg
Plaines-1.png	yemoja.png
Plaines-2.png	azzurro.png
Plaines-3.png	sekhmet.png
Plaines-4.png	dina.png
Quotes-1.png	tamarind.png
Quotes-2.png	serval.png
Quotes-3.png	anansi.png
Quotes-4.png	viola.png
Quotes-5.png	thoth.png
Quotes-6.png	rim.png
Quotes-7.png	sesame.png
Quotes-8.png	caracal.png
SocialProof-1.jpg	niamey.jpg
SocialProof-2.jpg	ciliegia.jpg
SocialProof-3jpg.jpg	atlas.jpg
SocialProof-4.jpg	meerkat.jpg
